job_name,job_location,job_description,qualifications,job_responsibilities,structured_schema_json,summarized_description,summarized_responsibilities,job_description_bullets,job_responsibilities_bullets
Software Engineer (JavaScript),Remote,"We are seeking a passionate and talented Software Engineer with a specialization in JavaScript. The ideal candidate will have a deep understanding of web technologies, including browser behaviors, DOM manipulation, and video players. Experience in ad tech is a significant bonus. This role will involve working with the Open Measurement Software Development Kit (OMSDK), and various other Javascript frameworks.","Bachelor’s degree in Computer Science, Software Engineering, or a related field. Strong proficiency in JavaScript, with a solid understanding of its core principles. Experience with front-end frameworks and libraries (e.g., React, Angular, Vue.js). In-depth knowledge of browser internals, DOM manipulation, and video player integration. Familiarity with RESTful APIs and asynchronous programming. Experience with OMSDK and its implementation in ad tech solutions. Excellent problem-solving skills and attention to detail. Strong communication and teamwork abilities.","Develop, maintain, and enhance our measurement scripts and front-end applications using JavaScript, HTML, and CSS. Maintain our OMSDK implementation with updates and maintenance for enhanced ad measurement and verification. Work closely with cross-functional teams to integrate and test new features. Debug and resolve performance issues in browsers and video players. Collaborate with the QA team to ensure high-quality results. Stay updated with the latest trends and advancements in web technologies and ad tech.","{""job_name"": ""Software Engineer (JavaScript)"", ""job_location"": ""Remote"", ""job_description"": ""We are seeking a passionate and talented Software Engineer with a specialization in JavaScript. The ideal candidate will have a deep understanding of web technologies, including browser behaviors, DOM manipulation, and video players. Experience in ad tech is a significant bonus. This role will involve working with the Open Measurement Software Development Kit (OMSDK), and various other Javascript frameworks."", ""qualifications"": ""Bachelor\u2019s degree in Computer Science, Software Engineering, or a related field. Strong proficiency in JavaScript, with a solid understanding of its core principles. Experience with front-end frameworks and libraries (e.g., React, Angular, Vue.js). In-depth knowledge of browser internals, DOM manipulation, and video player integration. Familiarity with RESTful APIs and asynchronous programming. Experience with OMSDK and its implementation in ad tech solutions. Excellent problem-solving skills and attention to detail. Strong communication and teamwork abilities."", ""job_responsibilities"": ""Develop, maintain, and enhance our measurement scripts and front-end applications using JavaScript, HTML, and CSS. Maintain our OMSDK implementation with updates and maintenance for enhanced ad measurement and verification. Work closely with cross-functional teams to integrate and test new features. Debug and resolve performance issues in browsers and video players. Collaborate with the QA team to ensure high-quality results. Stay updated with the latest trends and advancements in web technologies and ad tech.""}","We are seeking a passionate and talented Software Engineer with a specialization in JavaScript. The ideal candidate will have a deep understanding of web technologies, including browser behaviors, DOM manipulation, and video players. This role will involve working with the Open Measurement Software Development Kit, and various other Javascript frameworks.","Develop, maintain, and enhance our measurement scripts and front-end applications using JavaScript, HTML, and CSS. Maintain our OMSDK implementation with updates and maintenance for enhanced ad measurement and verification. Stay updated with the latest trends and advancements in web technologies and ad tech.","- We are seeking a passionate and talented Software Engineer with a specialization in JavaScript. The ideal candidate will have a deep understanding of web technologies
- including browser behaviors
- DOM manipulation
- and video players. Experience in ad tech is a significant bonus. This role will involve working with the Open Measurement Software Development Kit (OMSDK)
- and various other Javascript frameworks.","- Develop
- maintain
- and enhance our measurement scripts and front-end applications using JavaScript
- HTML
- and CSS. Maintain our OMSDK implementation with updates and maintenance for enhanced ad measurement and verification. Work closely with cross-functional teams to integrate and test new features. Debug and resolve performance issues in browsers and video players. Collaborate with the QA team to ensure high-quality results. Stay updated with the latest trends and advancements in web technologies and ad tech."
Software Engineer,"Park Road, Bangalore","At CommBank, we never lose sight of the role we play in other people’s financial wellbeing. Our focus is to help people and businesses move forward to progress. To make the right financial decisions and achieve their dreams, targets, and aspirations. Regardless of where you work within our organisation, your initiative, talent, ideas, and energy all contribute to the impact that we can make with our work. Together we can achieve great things. You will be working as a part of Lending & Integrated Channels Technology to achieve their strategic objectives through planning, prioritising, delivering and supporting projects and initiatives.","Bachelor’s degree/Master’s degree in Engineering in Computer Science/Information Technology. Experience: 4+ years of industry experience in enterprise-level engineering, preferably in high-volume transaction processing, API-oriented platforms.",Develop high quality software solutions with comprehensive test coverage. Contribute to the technical design for system enhancements. Implement features following the guidance of senior members of the team. Provide technical assistance to non-technical members of the team. Exhibit problem-solving mindset with focus on test automation. Work well with different team members whilst practicing knowledge sharing and T-shaping. Learn and contribute to continuous improvement initiatives within own team. Take ownership of initiatives and assets and follow up to provide highest quality of customer service.,"{""job_name"": ""Software Engineer"", ""job_location"": ""Park Road, Bangalore"", ""job_description"": ""At CommBank, we never lose sight of the role we play in other people\u2019s financial wellbeing. Our focus is to help people and businesses move forward to progress. To make the right financial decisions and achieve their dreams, targets, and aspirations. Regardless of where you work within our organisation, your initiative, talent, ideas, and energy all contribute to the impact that we can make with our work. Together we can achieve great things. You will be working as a part of Lending & Integrated Channels Technology to achieve their strategic objectives through planning, prioritising, delivering and supporting projects and initiatives."", ""qualifications"": ""Bachelor\u2019s degree/Master\u2019s degree in Engineering in Computer Science/Information Technology. Experience: 4+ years of industry experience in enterprise-level engineering, preferably in high-volume transaction processing, API-oriented platforms."", ""job_responsibilities"": ""Develop high quality software solutions with comprehensive test coverage. Contribute to the technical design for system enhancements. Implement features following the guidance of senior members of the team. Provide technical assistance to non-technical members of the team. Exhibit problem-solving mindset with focus on test automation. Work well with different team members whilst practicing knowledge sharing and T-shaping. Learn and contribute to continuous improvement initiatives within own team. Take ownership of initiatives and assets and follow up to provide highest quality of customer service.""}","At CommBank, we never lose sight of the role we play in other people’s financial wellbeing. Regardless of where you work within our organisation, your initiative, talent, ideas, and energy all contribute to the impact that we can make. Together we can achieve great things.",Develop high quality software solutions with comprehensive test coverage. Contribute to the technical design for system enhancements. Exhibit problem-solving mindset with focus on test automation. Work well with different team members whilst practicing knowledge sharing and T-shaping.,"- At CommBank, we never lose sight of the role we play in other people’s financial wellbeing
- Our focus is to help people and businesses move forward to progress
- Regardless of where you work within our organisation, your initiative, talent, ideas, and energy all contribute to the impact that we can make.",- Develop high quality software solutions with comprehensive test coverage. Contribute to the technical design for system enhancements. Implement features following the guidance of senior members of the team. Provide technical assistance to non-technical members of the team. Exhibit problem-solving mindset with focus on test automation. Work well with different team members whilst practicing knowledge sharing and T-shaping. Learn and contribute to continuous improvement initiatives within own team. Take ownership of initiatives and assets and follow up to provide highest quality of customer service.
Software Engineer,Bangalore-Manyata Tech Park,"At CommBank, we never lose sight of the role we play in other people’s financial wellbeing. Our focus is to help people and businesses move forward to progress. To make the right financial decisions and achieve their dreams, targets, and aspirations. Regardless of where you work within our organisation, your initiative, talent, ideas, and energy all contribute to the impact that we can make with our work. Together we can achieve great things.","Bachelor’s degree or master’s degree in engineering in Computer Science/Information Technology. Min 4+ years of relevant hands-on work experience in software development. AWS Services along with backend .NET Core, Web API skills OR Full stack Dev - .NET Core with React experience. Familiarity in several programming or scripting languages, and in-depth knowledge and experience in at least one. A good understanding on how the web works. Experience in cloud technologies or container systems is highly regarded but not essential. A willingness to adapt to our development practices (Agile, TDD). Some familiarity with source control systems and build systems. Proficient oral and written communications skills to help both the business and your team make the right technical decision. Self-managing and able to work both independently and collaboratively in a team environment. Cares about coding practices, likes to improve coding practices. Willingness to continuously learn new tools and technologies.","Analyse systems and applications and provide recommendations for enhancement and development. Contribute to the technical design of system enhancements. Software development and quality control of software developed by geographically dispersed team. Work within in a team environment and provide assistance in the management and leadership of your team and complete associated tasks. Follow release and change processes in the compilation and distribution of software builds and releases to development and test environments, as well as system updates into production. Troubleshoot complex deployment and environment issues. Assist with preparation and documentation of deployment and configuration scripts for development, test, and production environments.","{""job_name"": ""Software Engineer"", ""job_location"": ""Bangalore-Manyata Tech Park"", ""job_description"": ""At CommBank, we never lose sight of the role we play in other people\u2019s financial wellbeing. Our focus is to help people and businesses move forward to progress. To make the right financial decisions and achieve their dreams, targets, and aspirations. Regardless of where you work within our organisation, your initiative, talent, ideas, and energy all contribute to the impact that we can make with our work. Together we can achieve great things."", ""qualifications"": ""Bachelor\u2019s degree or master\u2019s degree in engineering in Computer Science/Information Technology. Min 4+ years of relevant hands-on work experience in software development. AWS Services along with backend .NET Core, Web API skills OR Full stack Dev - .NET Core with React experience. Familiarity in several programming or scripting languages, and in-depth knowledge and experience in at least one. A good understanding on how the web works. Experience in cloud technologies or container systems is highly regarded but not essential. A willingness to adapt to our development practices (Agile, TDD). Some familiarity with source control systems and build systems. Proficient oral and written communications skills to help both the business and your team make the right technical decision. Self-managing and able to work both independently and collaboratively in a team environment. Cares about coding practices, likes to improve coding practices. Willingness to continuously learn new tools and technologies."", ""job_responsibilities"": ""Analyse systems and applications and provide recommendations for enhancement and development. Contribute to the technical design of system enhancements. Software development and quality control of software developed by geographically dispersed team. Work within in a team environment and provide assistance in the management and leadership of your team and complete associated tasks. Follow release and change processes in the compilation and distribution of software builds and releases to development and test environments, as well as system updates into production. Troubleshoot complex deployment and environment issues. Assist with preparation and documentation of deployment and configuration scripts for development, test, and production environments.""}","At CommBank, we never lose sight of the role we play in other people’s financial wellbeing. Our focus is to help people and businesses move forward to progress. Regardless of where you work within our organisation, your initiative, talent, ideas, and energy all contribute to the impact that we can make with our work.","Follow release and change processes in the compilation and distribution of software builds and releases to development and test environments. Troubleshoot complex deployment and environment issues. Assist with preparation and documentation of deployment and configuration scripts for development, test, and production environments.","- At CommBank
- we never lose sight of the role we play in other people’s financial wellbeing. Our focus is to help people and businesses move forward to progress. To make the right financial decisions and achieve their dreams
- targets
- and aspirations. Regardless of where you work within our organisation
- your initiative
- talent
- ideas
- and energy all contribute to the impact that we can make with our work. Together we can achieve great things.","- Analyse systems and applications and provide recommendations for enhancement and development. Contribute to the technical design of system enhancements. Software development and quality control of software developed by geographically dispersed team. Work within in a team environment and provide assistance in the management and leadership of your team and complete associated tasks. Follow release and change processes in the compilation and distribution of software builds and releases to development and test environments
- as well as system updates into production. Troubleshoot complex deployment and environment issues. Assist with preparation and documentation of deployment and configuration scripts for development
- test
- and production environments."
Software Engineer,"New York, NY",We are looking for a skilled Software Engineer to join our dynamic team. The successful candidate will be responsible for developing high-quality software solutions and participating in all phases of the software development lifecycle.,"Bachelor's degree in Computer Science or related field. 3+ years of experience in software development. Proficiency in programming languages such as Java, Python, or JavaScript.","Design and develop software applications. Collaborate with cross-functional teams to define, design, and ship new features. Ensure the performance, quality, and responsiveness of applications.","{""job_name"": ""Software Engineer"", ""job_location"": ""New York, NY"", ""job_description"": ""We are looking for a skilled Software Engineer to join our dynamic team. The successful candidate will be responsible for developing high-quality software solutions and participating in all phases of the software development lifecycle."", ""qualifications"": ""Bachelor's degree in Computer Science or related field. 3+ years of experience in software development. Proficiency in programming languages such as Java, Python, or JavaScript."", ""job_responsibilities"": ""Design and develop software applications. Collaborate with cross-functional teams to define, design, and ship new features. Ensure the performance, quality, and responsiveness of applications.""}","The successful candidate will be responsible for developing high-quality software solutions. The candidate will participate in all phases of the software development lifecycle. We are looking for a skilled Software Engineer to join our dynamic team. For more information, visit our website.","Collaborate with cross-functional teams to define, design, and ship new features. Ensure the performance, quality, and responsiveness of applications. Design and develop software applications. Collaborate with colleagues to define and design new features for applications.",- We are looking for a skilled Software Engineer to join our dynamic team. The successful candidate will be responsible for developing high-quality software solutions and participating in all phases of the software development lifecycle.,"- Design and develop software applications. Collaborate with cross-functional teams to define
- design
- and ship new features. Ensure the performance
- quality
- and responsiveness of applications."
"C# .Net Software Engineer, Global Banking Technology",Singapore,"At Bank of America, we are guided by a common purpose to help make financial lives better through the power of every connection. Responsible Growth is how we run our company and how we deliver for our clients, teammates, communities and shareholders every day. One of the keys to driving Responsible Growth is being a great place to work for our teammates around the world. We’re devoted to being a diverse and inclusive workplace for everyone. We hire individuals with a broad range of backgrounds and experiences and invest heavily in our teammates and their families by offering competitive benefits to support their physical, emotional, and financial well-being. Bank of America believes both in the importance of working together and offering flexibility to our employees. We use a multi-faceted approach for flexibility, depending on the various roles in our organization. Working at Bank of America will give you a great career with opportunities to learn, grow and make an impact, along with the power to make a difference. Join us!","Bachelor's Degree preferred 8+ years of experience in full stack development; designing and building applications with the latest version of the .NET Framework, C#, HTML/CSS (UI/UX), Entity Framework, SQL Server and/or Oracle Database, Aspose.NET, and others. Demonstratable experience of Entity Framework and thread modelling for Database calls using LINQ. Experience with container environments e.g., Kubernetes utilizing tools such as OpenShift or Docker. Demonstratable experience with modern JavaScript frameworks and libraries e.g., Angular, JQuery, and others. Possess a functional understanding of APIs to integrate systems using a wide variety of protocols such as REST, SOAP, JSON, gRPC, and others. A solid understanding of front-end design patterns and principals: Responsive Web Design, MVC, Server-side vs. Client-side rendering. Experience with Continuous Integration (CI) tools such as Jenkins, and utilizing source control tools for branching/merging such as Git, BitBucket, Subversion. Experience working with DevOps, Agile tools (e.g., JIRA, Confluence, Jenkins, nUnit, jUnit, XL Release) and development methodologies (e.g., Scrum and Kanban), but most importantly possess an ability to work in a constantly changing environment.","Execute assigned tasks in various projects impacting Global Corporate & Investment Banking business by transforming the business requirement into a technological solution through the means of development and POC/spikes. Serve as a fully seasoned/proficient technical resource; provide technical knowledge and capabilities as a team member and an individual contributor. Manage sprint deliverables and communicate any risks or impediments at daily stand ups to allow the team to provide any help as necessary. Be comfortable with participating in joint sessions/working groups to discuss technical solutions within an integrated team dispersed across the globe geographically. Partner closely with the front-line business, COO team and product owners to execute projects, discuss priorities, brainstorm ideas, and conduct presentations. Adopt an iterative development approach via the Agile development model – create stories/tasks, drive discussions in Program Increment, discuss priorities, manage risks, and be involved with all Agile ceremonies of the project life cycle. Collaborate virtually with other team members via ad-hoc/planned phone calls, video calls and emails when in-person meetings cannot take place. Research, design, and develop computer and network software or specialized utility programs. Analyze user needs and develop software solutions, applying principles and techniques of computer science, engineering, and mathematical analysis. Update software, enhances existing software capabilities, and develops and direct software testing and validation procedures. Work with computer hardware engineers to integrate hardware and software systems and develop specifications and performance requirements.","{""job_name"": ""C# .Net Software Engineer, Global Banking Technology"", ""job_location"": ""Singapore"", ""job_description"": ""At Bank of America, we are guided by a common purpose to help make financial lives better through the power of every connection. Responsible Growth is how we run our company and how we deliver for our clients, teammates, communities and shareholders every day. One of the keys to driving Responsible Growth is being a great place to work for our teammates around the world. We\u2019re devoted to being a diverse and inclusive workplace for everyone. We hire individuals with a broad range of backgrounds and experiences and invest heavily in our teammates and their families by offering competitive benefits to support their physical, emotional, and financial well-being. Bank of America believes both in the importance of working together and offering flexibility to our employees. We use a multi-faceted approach for flexibility, depending on the various roles in our organization. Working at Bank of America will give you a great career with opportunities to learn, grow and make an impact, along with the power to make a difference. Join us!"", ""qualifications"": ""Bachelor's Degree preferred 8+ years of experience in full stack development; designing and building applications with the latest version of the .NET Framework, C#, HTML/CSS (UI/UX), Entity Framework, SQL Server and/or Oracle Database, Aspose.NET, and others. Demonstratable experience of Entity Framework and thread modelling for Database calls using LINQ. Experience with container environments e.g., Kubernetes utilizing tools such as OpenShift or Docker. Demonstratable experience with modern JavaScript frameworks and libraries e.g., Angular, JQuery, and others. Possess a functional understanding of APIs to integrate systems using a wide variety of protocols such as REST, SOAP, JSON, gRPC, and others. A solid understanding of front-end design patterns and principals: Responsive Web Design, MVC, Server-side vs. Client-side rendering. Experience with Continuous Integration (CI) tools such as Jenkins, and utilizing source control tools for branching/merging such as Git, BitBucket, Subversion. Experience working with DevOps, Agile tools (e.g., JIRA, Confluence, Jenkins, nUnit, jUnit, XL Release) and development methodologies (e.g., Scrum and Kanban), but most importantly possess an ability to work in a constantly changing environment."", ""job_responsibilities"": ""Execute assigned tasks in various projects impacting Global Corporate & Investment Banking business by transforming the business requirement into a technological solution through the means of development and POC/spikes. Serve as a fully seasoned/proficient technical resource; provide technical knowledge and capabilities as a team member and an individual contributor. Manage sprint deliverables and communicate any risks or impediments at daily stand ups to allow the team to provide any help as necessary. Be comfortable with participating in joint sessions/working groups to discuss technical solutions within an integrated team dispersed across the globe geographically. Partner closely with the front-line business, COO team and product owners to execute projects, discuss priorities, brainstorm ideas, and conduct presentations. Adopt an iterative development approach via the Agile development model \u2013 create stories/tasks, drive discussions in Program Increment, discuss priorities, manage risks, and be involved with all Agile ceremonies of the project life cycle. Collaborate virtually with other team members via ad-hoc/planned phone calls, video calls and emails when in-person meetings cannot take place. Research, design, and develop computer and network software or specialized utility programs. Analyze user needs and develop software solutions, applying principles and techniques of computer science, engineering, and mathematical analysis. Update software, enhances existing software capabilities, and develops and direct software testing and validation procedures. Work with computer hardware engineers to integrate hardware and software systems and develop specifications and performance requirements.""}","At Bank of America, we are guided by a common purpose to help make financial lives better through the power of every connection. One of the keys to driving Responsible Growth is being a great place to work for our teammates around the world. We're devoted to being a diverse and inclusive workplace for everyone.",Serve as a fully seasoned/proficient technical resource; provide technical knowledge and capabilities as a team member and an individual contributor. Manage sprint deliverables and communicate any risks or impediments at daily stand ups to allow the team to provide any help as necessary. Be comfortable with participating in joint sessions/working groups to discuss technical solutions.,"- At Bank of America, we are guided by a common purpose to help make financial lives better through the power of every connection
- One of the keys to driving Responsible Growth is being a great place to work for our teammates around the world
- We hire individuals with a broad range of backgrounds and experiences and invest heavily in our teammates and their families.","- Serve as a fully seasoned/proficient technical resource; provide technical knowledge and capabilities as a team member and an individual contributor
- Manage sprint deliverables and communicate any risks or impediments at daily stand ups to allow the team to provide any help as necessary
- Be comfortable with participating in joint sessions/working groups to discuss technical solutions."
Junior Software Engineer,Singapore,"A Junior Software Engineer typically plays a foundational role within a software development team, supporting the design, development, testing, and maintenance of software systems. Additionally, you will test and troubleshoot software, implement security measures, and write technical documentation. Your contributions are essential for delivering high-quality, user-friendly web applications that support Avvanz’s services and drive business success.","Bachelor’s degree in computer science, engineering, or a related technical field. Excellent knowledge of front-end web programming languages, such as HTML, CSS, JavaScript, and AngularJS, with ability to render server-side and client-side content. Excellent knowledge of one or more back-end programming languages (PHP, Java, jQuery, C#). Familiarity with common programming design patterns and best practices. Experience with common web development tools and services, such as version control software, package managers, and CI/CD pipelines. Average communication skills – written or verbal.","Participate in discussions with stakeholders to understand user requirements; Analyse user and business requirements; Propose new technologies for cutting edge platform development; Manage design of software – Apply selected software design pattern to the design of software components or modules; Build applications including the front-end of applications through appealing visual design; Manage software construction processes; Develop and manage well-functioning databases and applications; Write effective APIs and to integrate with partner platforms; Oversee software testing and test software to ensure responsiveness and efficiency; Troubleshoot, debug and upgrade software; Oversee security problems to software; Create security and data protection settings; Build features and applications with a mobile responsive design; Write technical documentation; Continues Integration, Automation, and testing on the product; Programming / Scripting for integration & automation; Offers technical consultation to clients to implement AI, Big Data, RPA, Blockchain solutions; Manage software management configuration (SCM); KPIs measurement; Ensure related compliance requirements are addressed, e.g., privacy, security, and administrative regulations associated with Information and privacy management systems, are followed in Singapore HQ and the Philippines site; Be vigilant to report possible security and privacy incidents as required through the ISO core team and department heads.","{""job_name"": ""Junior Software Engineer"", ""job_location"": ""Singapore"", ""job_description"": ""A Junior Software Engineer typically plays a foundational role within a software development team, supporting the design, development, testing, and maintenance of software systems. Additionally, you will test and troubleshoot software, implement security measures, and write technical documentation. Your contributions are essential for delivering high-quality, user-friendly web applications that support Avvanz\u2019s services and drive business success."", ""qualifications"": ""Bachelor\u2019s degree in computer science, engineering, or a related technical field. Excellent knowledge of front-end web programming languages, such as HTML, CSS, JavaScript, and AngularJS, with ability to render server-side and client-side content. Excellent knowledge of one or more back-end programming languages (PHP, Java, jQuery, C#). Familiarity with common programming design patterns and best practices. Experience with common web development tools and services, such as version control software, package managers, and CI/CD pipelines. Average communication skills \u2013 written or verbal."", ""job_responsibilities"": ""Participate in discussions with stakeholders to understand user requirements; Analyse user and business requirements; Propose new technologies for cutting edge platform development; Manage design of software \u2013 Apply selected software design pattern to the design of software components or modules; Build applications including the front-end of applications through appealing visual design; Manage software construction processes; Develop and manage well-functioning databases and applications; Write effective APIs and to integrate with partner platforms; Oversee software testing and test software to ensure responsiveness and efficiency; Troubleshoot, debug and upgrade software; Oversee security problems to software; Create security and data protection settings; Build features and applications with a mobile responsive design; Write technical documentation; Continues Integration, Automation, and testing on the product; Programming / Scripting for integration & automation; Offers technical consultation to clients to implement AI, Big Data, RPA, Blockchain solutions; Manage software management configuration (SCM); KPIs measurement; Ensure related compliance requirements are addressed, e.g., privacy, security, and administrative regulations associated with Information and privacy management systems, are followed in Singapore HQ and the Philippines site; Be vigilant to report possible security and privacy incidents as required through the ISO core team and department heads.""}","A Junior Software Engineer typically plays a foundational role within a software development team. You will test and troubleshoot software, implement security measures, and write technical documentation. Your contributions are essential for delivering high-quality, user-friendly web applications.","Develop and manage well-functioning databases and applications; Write effective APIs and to integrate with partner platforms. Oversee software testing and test software to ensure responsiveness and efficiency; Troubleshoot, debug and upgrade software. Offers technical consultation to clients to implement AI, Big Data, RPA, Blockchain solutions.","- A Junior Software Engineer typically plays a foundational role within a software development team
- You will test and troubleshoot software, implement security measures, and write technical documentation
- Your contributions are essential for delivering high-quality, user-friendly web applications that support Avvanz’s services.","- Manage software construction processes; Develop and manage well-functioning databases and applications
- Troubleshoot, debug and upgrade software; Oversee security problems to software; Create security and data protection settings
- Offers technical consultation to clients to implement AI, Big Data, RPA, Blockchain solutions."
Backend Software Engineer,Singapore/Remote,"Our mission is to move more with less. The world is changing, people want shorter and cheaper journeys and their goods to be delivered faster. Gone are the days when manual planning suffices. SWAT is building the technology to allow fleet operators and logistic companies to compete in this new world. The patented algorithm we developed solves an academic problem (researched since the 1980s) called the “pickup and delivery with time windows” – in layman terms: ""how do you move the most number of objects (people or parcels), using the least number of vehicles, in the shortest time or distance possible"". SWAT is the market share leader in pooling optimization technology in South East Asia and operates in countries like Singapore, Japan, The Philippines and Thailand. We are tackling some of the most challenging transport/logistics problems in the world’s most congested cities. Many large corporations from different industries such as shipping, logistics, airline, pharmaceutical, utilities, banking, property development and public transport use our technology to improve employee commute convenience and happiness and save costs. It’s also greener, more sustainable. Our customers are governments, public transport operators or large companies with challenging employee commute needs. Come join our AI SaaS high growth tech startup if you also have the ambition to make a big impact in making the world move more sustainably. There is so much more we want to do and it will be a great place for you to learn and grow with the company.","BSc in Computer Science, Computer Engineering or equivalent. At least 2 years of backend programming experience. Good knowledge of algorithms and data structures. Experience with the following programming languages: Go/Python. Familiar with cloud-based deployment. Excellent written and verbal communication skills. Ability to collaborate with a multidisciplinary and multicultural team of Software Engineers, Product Designers, User Researchers, Data Scientists and Data Analysts to come up with solutions to problems.","Develop and maintain various backend systems that powers our passenger, driver and operator applications, allowing our system to optimise and automate mission critical operations for our customers. Design and implement scalable systems on cloud infrastructure using modern frameworks.","{""job_name"": ""Backend Software Engineer"", ""job_location"": ""Singapore/Remote"", ""job_description"": ""Our mission is to move more with less. The world is changing, people want shorter and cheaper journeys and their goods to be delivered faster. Gone are the days when manual planning suffices. SWAT is building the technology to allow fleet operators and logistic companies to compete in this new world. The patented algorithm we developed solves an academic problem (researched since the 1980s) called the \u201cpickup and delivery with time windows\u201d \u2013 in layman terms: \""how do you move the most number of objects (people or parcels), using the least number of vehicles, in the shortest time or distance possible\"". SWAT is the market share leader in pooling optimization technology in South East Asia and operates in countries like Singapore, Japan, The Philippines and Thailand. We are tackling some of the most challenging transport/logistics problems in the world\u2019s most congested cities. Many large corporations from different industries such as shipping, logistics, airline, pharmaceutical, utilities, banking, property development and public transport use our technology to improve employee commute convenience and happiness and save costs. It\u2019s also greener, more sustainable. Our customers are governments, public transport operators or large companies with challenging employee commute needs. Come join our AI SaaS high growth tech startup if you also have the ambition to make a big impact in making the world move more sustainably. There is so much more we want to do and it will be a great place for you to learn and grow with the company."", ""qualifications"": ""BSc in Computer Science, Computer Engineering or equivalent. At least 2 years of backend programming experience. Good knowledge of algorithms and data structures. Experience with the following programming languages: Go/Python. Familiar with cloud-based deployment. Excellent written and verbal communication skills. Ability to collaborate with a multidisciplinary and multicultural team of Software Engineers, Product Designers, User Researchers, Data Scientists and Data Analysts to come up with solutions to problems."", ""job_responsibilities"": ""Develop and maintain various backend systems that powers our passenger, driver and operator applications, allowing our system to optimise and automate mission critical operations for our customers. Design and implement scalable systems on cloud infrastructure using modern frameworks.""}","SWAT is building the technology to allow fleet operators and logistic companies to compete in this new world. SWAT is the market share leader in pooling optimization technology in South East Asia and operates in countries like Singapore, Japan, The Philippines and Thailand.","Driver and passenger applications power our passenger, driver and operator applications. Design and implement scalable systems on cloud infrastructure using modern frameworks. Develop and maintain various backend systems that powers our applications, allowing our system to optimise and automate mission critical operations for our customers.","- SWAT is building the technology to allow fleet operators and logistic companies to compete in this new world
- SWAT is the market share leader in pooling optimization technology in South East Asia and operates in countries like Singapore, Japan, The Philippines and Thailand
- Our customers are governments, public transport operators or large companies with challenging employee commute needs.","- Develop and maintain various backend systems that powers our passenger
- driver and operator applications
- allowing our system to optimise and automate mission critical operations for our customers. Design and implement scalable systems on cloud infrastructure using modern frameworks."
Full Stack Software Engineer,Singapore,"Imagine what you could do here. At Apple, new ideas have a way of becoming extraordinary products, services, and customer experiences very quickly. Bring passion and dedication to your job and there's no telling what you could accomplish. The people here at Apple don’t just create products - they create the kind of wonder that’s revolutionised entire industries. It’s the diversity of those people and their ideas that inspires the innovation that runs through everything we do, from amazing technology to industry-leading environmental efforts. Join Apple, and help us leave the world better than we found it. The Partner Solutions & Engineering team is looking for a highly qualified Software Engineer experienced with building large-scale distributed systems. This is an outstanding opportunity to join a focused team and work collaboratively with other groups to make a significant impact on our product. This role demands the best and brightest; the ideal candidate will be self- motivated, accountable, technically strong and offers a diverse skillset that aligns with the key qualifications listed above. You love working in a dynamic fast paced environment, building and maintaining strong working relationships with a variety of partners, including business partners, application owners, project managers, technology and infrastructure teams to get the work done. You naturally take a deep interest in working closely with business partners to drive the product feature and technology roadmap beyond the first release.","Strong experience of designing and developing large scale distributed cloud applications using advance Java. Proficient in front end technologies like Javascript, HTML, CSS, and any of the JS frameworks like React, Angular. Experience in crafting and implementing RESTful API and services. Experience with relational databases and NoSQL databases. Strong experience in Object Oriented programming and excellent debugging skills. Aptitude to independently learn new technologies. Excellent verbal and written communication skills is required.","Hands on experience in implementing end-to-end machine learning projects. Experience of working and delivering as a Scrum Team. Prior Scrum Master experience will be an advantage. Experience with container based workloads and their orchestration (Docker, Kubernetes) desired as well as surrounding DevOps/CI/CD tools and processes (Jenkins, Spinnaker and similar). Experience working on complex problems and distributed systems where scalability and performance are extremely important.","{""job_name"": ""Full Stack Software Engineer"", ""job_location"": ""Singapore"", ""job_description"": ""Imagine what you could do here. At Apple, new ideas have a way of becoming extraordinary products, services, and customer experiences very quickly. Bring passion and dedication to your job and there's no telling what you could accomplish. The people here at Apple don\u2019t just create products - they create the kind of wonder that\u2019s revolutionised entire industries. It\u2019s the diversity of those people and their ideas that inspires the innovation that runs through everything we do, from amazing technology to industry-leading environmental efforts. Join Apple, and help us leave the world better than we found it. The Partner Solutions & Engineering team is looking for a highly qualified Software Engineer experienced with building large-scale distributed systems. This is an outstanding opportunity to join a focused team and work collaboratively with other groups to make a significant impact on our product. This role demands the best and brightest; the ideal candidate will be self- motivated, accountable, technically strong and offers a diverse skillset that aligns with the key qualifications listed above. You love working in a dynamic fast paced environment, building and maintaining strong working relationships with a variety of partners, including business partners, application owners, project managers, technology and infrastructure teams to get the work done. You naturally take a deep interest in working closely with business partners to drive the product feature and technology roadmap beyond the first release."", ""qualifications"": ""Strong experience of designing and developing large scale distributed cloud applications using advance Java. Proficient in front end technologies like Javascript, HTML, CSS, and any of the JS frameworks like React, Angular. Experience in crafting and implementing RESTful API and services. Experience with relational databases and NoSQL databases. Strong experience in Object Oriented programming and excellent debugging skills. Aptitude to independently learn new technologies. Excellent verbal and written communication skills is required."", ""job_responsibilities"": ""Hands on experience in implementing end-to-end machine learning projects. Experience of working and delivering as a Scrum Team. Prior Scrum Master experience will be an advantage. Experience with container based workloads and their orchestration (Docker, Kubernetes) desired as well as surrounding DevOps/CI/CD tools and processes (Jenkins, Spinnaker and similar). Experience working on complex problems and distributed systems where scalability and performance are extremely important.""}","The Partner Solutions & Engineering team is looking for a highly qualified Software Engineer experienced with building large-scale distributed systems. This is an outstanding opportunity to join a focused team and work collaboratively with other groups. The ideal candidate will be self- motivated, accountable, technically strong and offers a diverse skillset that aligns with the key qualifications listed above.","Hands on experience in implementing end-to-end machine learning projects. Experience of working and delivering as a Scrum Team. Prior Scrum Master experience will be an advantage. Experience with container based workloads and their orchestration (Docker, Kubernetes) desired.","- The Partner Solutions & Engineering team is looking for a highly qualified Software Engineer
- The ideal candidate will be self-motivated, accountable, technically strong and offers a diverse skillset that aligns with the key qualifications listed above
- You naturally take a deep interest in working closely with business partners to drive the product feature and technology roadmap beyond the first release.","- Hands on experience in implementing end-to-end machine learning projects. Experience of working and delivering as a Scrum Team. Prior Scrum Master experience will be an advantage. Experience with container based workloads and their orchestration (Docker
- Kubernetes) desired as well as surrounding DevOps/CI/CD tools and processes (Jenkins
- Spinnaker and similar). Experience working on complex problems and distributed systems where scalability and performance are extremely important."
Frontend Software Engineer,Singapore,We are looking for a Frontend Software Engineer to join our rapidly expanding Engineering team who is passionate about designing and building great user facing features. You will work in a cross disciplinary setting with both product owners and backend engineers to provide our Enterprise clients an intuitive user experience that assists them in completing functional workloads on our ESG platform. The ideal candidate is a hands-on frontend engineer who has had exposure to the traditional Enterprise application UI and has a strong sense of the improvements that can be made without legacy code. You will have the opportunity to design and implement new frontend applications for the capital markets and ESG (green financing) sector. You should also have a strong background in web security and role based access control. You can expect to work with many Cloud-based tools (AWS Cloud) and be open to learning new tools. You must be comfortable working in a fast-paced environment with little supervision in an Agile environment. You will be a key contributor in transforming the way capital markets of today and green financing of tomorrow function with the web-based frontend applications you build together with internal stakeholders ranging from Customer Success to the Product team.,"B.S. or M.S. in Computer Science or equivalent degree or experience > 2 years of experience with client-side frameworks (ReactJS) UX Design experience is a plus Familiarity with site performance tuning, concurrency handling and caching mechanisms Experience interfacing with APIs for building frontend Familiar with browser debugging and testing - Experience with 1 or more cloud platforms (AWS is a plus)","As a Frontend Software Engineer, you will be responsible for designing and implementing web-based applications to drive efficiency and productivity of our clients on the ESG platform. Your core responsibilities: - Design and implement frontend services using React.JS framework - Basic understanding of HTML, CSS - Implement code with up to date web security best practices - Write high quality, clean, maintainable code using engineering best practices - Able to analyze requirements and use them to design and develop functional frontend products - Work with a cross disciplinary team to build a great product.","{""job_name"": ""Frontend Software Engineer"", ""job_location"": ""Singapore"", ""job_description"": ""We are looking for a Frontend Software Engineer to join our rapidly expanding Engineering team who is passionate about designing and building great user facing features. You will work in a cross disciplinary setting with both product owners and backend engineers to provide our Enterprise clients an intuitive user experience that assists them in completing functional workloads on our ESG platform. The ideal candidate is a hands-on frontend engineer who has had exposure to the traditional Enterprise application UI and has a strong sense of the improvements that can be made without legacy code. You will have the opportunity to design and implement new frontend applications for the capital markets and ESG (green financing) sector. You should also have a strong background in web security and role based access control. You can expect to work with many Cloud-based tools (AWS Cloud) and be open to learning new tools. You must be comfortable working in a fast-paced environment with little supervision in an Agile environment. You will be a key contributor in transforming the way capital markets of today and green financing of tomorrow function with the web-based frontend applications you build together with internal stakeholders ranging from Customer Success to the Product team."", ""qualifications"": ""B.S. or M.S. in Computer Science or equivalent degree or experience > 2 years of experience with client-side frameworks (ReactJS) UX Design experience is a plus Familiarity with site performance tuning, concurrency handling and caching mechanisms Experience interfacing with APIs for building frontend Familiar with browser debugging and testing - Experience with 1 or more cloud platforms (AWS is a plus)"", ""job_responsibilities"": ""As a Frontend Software Engineer, you will be responsible for designing and implementing web-based applications to drive efficiency and productivity of our clients on the ESG platform. Your core responsibilities: - Design and implement frontend services using React.JS framework - Basic understanding of HTML, CSS - Implement code with up to date web security best practices - Write high quality, clean, maintainable code using engineering best practices - Able to analyze requirements and use them to design and develop functional frontend products - Work with a cross disciplinary team to build a great product.""}",Frontend Software Engineer is passionate about designing and building great user facing features. Ideal candidate is a hands-on frontend engineer who has had exposure to the traditional Enterprise application UI. You will have the opportunity to design and implement new frontend applications for the capital markets and ESG (green financing) sector.,"Frontend Software Engineer. Responsible for designing and implementing web-based applications to drive efficiency and productivity of our clients on the ESG platform. Your core responsibilities: - Design and implement frontend services using React.JS framework - Basic understanding of HTML, CSS - Implement code with up to date web security best practices.",- We are looking for a Frontend Software Engineer to join our rapidly expanding Engineering team who is passionate about designing and building great user facing features. You will work in a cross disciplinary setting with both product owners and backend engineers to provide our Enterprise clients an intuitive user experience that assists them in completing functional workloads on our ESG platform. The ideal candidate is a hands-on frontend engineer who has had exposure to the traditional Enterprise application UI and has a strong sense of the improvements that can be made without legacy code. You will have the opportunity to design and implement new frontend applications for the capital markets and ESG (green financing) sector. You should also have a strong background in web security and role based access control. You can expect to work with many Cloud-based tools (AWS Cloud) and be open to learning new tools. You must be comfortable working in a fast-paced environment with little supervision in an Agile environment. You will be a key contributor in transforming the way capital markets of today and green financing of tomorrow function with the web-based frontend applications you build together with internal stakeholders ranging from Customer Success to the Product team.,"- As a Frontend Software Engineer
- you will be responsible for designing and implementing web-based applications to drive efficiency and productivity of our clients on the ESG platform. Your core responsibilities: - Design and implement frontend services using React.JS framework - Basic understanding of HTML
- CSS - Implement code with up to date web security best practices - Write high quality
- clean
- maintainable code using engineering best practices - Able to analyze requirements and use them to design and develop functional frontend products - Work with a cross disciplinary team to build a great product."
Software Engineer,Singapore,"At Apple, new ideas have a way of becoming extraordinary products very quickly. Bring passion and dedication to your job and there's no telling what we can accomplish together. Do you love crafting elegant solutions to highly complex challenges? Are you passionate about building distributed, scalable solutions? Our team develops end to end cloud platforms and services with RESTful apis and services that are used by numerous customers. The individual needs to be adept in software development, system architecture and cloud technologies. Understanding the security challenges of the platform will be important for being successful in this role.","Bachelor's Degree with 8+ years of experience. Significant expertise in programming using languages such as Java, GO or Python. Experience with architectural and detailed design, incorporating aspects of security, high availability, and resiliency in the design. Strong software engineering background, with deep experience with multiple design patterns and building RESTful APIs. Experience with CI/CD tools and techniques, containers, Kubernetes. Experience operating and developing infrastructure and services in cloud platforms. Experience with AuthN and AuthZ technologies and protocols, including IAM and SSO. Experience with application and service monitoring. Working knowledge of network protocols and Linux/Unix system internals and transport protocols (TCP, TLS, HTTP, UDP).","You will partner with developers, system and site reliability engineers and customers to understand their challenges, work through their issues and provide solutions that can be embraced widely. The ideal candidate is someone with a consistent track record, deep technical knowledge and skills in delivering large scale, distributed complex software solutions deployed on multiple cloud platforms. This is a highly technical, hands-on role that requires a wide and deep experience in leading infrastructure and applications. The successful candidate will design and implement complete products, demonstrating expertise in entire software development lifecycle. You will serve as a technical lead with strong architectural design and software engineering skills, experience with infrastructure as code technologies, operations, security concepts. Building and maintaining relationships with diverse sets of customers that use the platform will be critical to ensure the business units are successful.","{""job_name"": ""Software Engineer"", ""job_location"": ""Singapore"", ""job_description"": ""At Apple, new ideas have a way of becoming extraordinary products very quickly. Bring passion and dedication to your job and there's no telling what we can accomplish together. Do you love crafting elegant solutions to highly complex challenges? Are you passionate about building distributed, scalable solutions? Our team develops end to end cloud platforms and services with RESTful apis and services that are used by numerous customers. The individual needs to be adept in software development, system architecture and cloud technologies. Understanding the security challenges of the platform will be important for being successful in this role."", ""qualifications"": ""Bachelor's Degree with 8+ years of experience. Significant expertise in programming using languages such as Java, GO or Python. Experience with architectural and detailed design, incorporating aspects of security, high availability, and resiliency in the design. Strong software engineering background, with deep experience with multiple design patterns and building RESTful APIs. Experience with CI/CD tools and techniques, containers, Kubernetes. Experience operating and developing infrastructure and services in cloud platforms. Experience with AuthN and AuthZ technologies and protocols, including IAM and SSO. Experience with application and service monitoring. Working knowledge of network protocols and Linux/Unix system internals and transport protocols (TCP, TLS, HTTP, UDP)."", ""job_responsibilities"": ""You will partner with developers, system and site reliability engineers and customers to understand their challenges, work through their issues and provide solutions that can be embraced widely. The ideal candidate is someone with a consistent track record, deep technical knowledge and skills in delivering large scale, distributed complex software solutions deployed on multiple cloud platforms. This is a highly technical, hands-on role that requires a wide and deep experience in leading infrastructure and applications. The successful candidate will design and implement complete products, demonstrating expertise in entire software development lifecycle. You will serve as a technical lead with strong architectural design and software engineering skills, experience with infrastructure as code technologies, operations, security concepts. Building and maintaining relationships with diverse sets of customers that use the platform will be critical to ensure the business units are successful.""}","Our team develops end to end cloud platforms and services with RESTful apis and services. The individual needs to be adept in software development, system architecture and cloud technologies. Understanding the security challenges of the platform will be important for being successful in this role.","This is a highly technical, hands-on role that requires a wide and deep experience in leading infrastructure and applications. The successful candidate will design and implement complete products, demonstrating expertise in entire software development lifecycle. Building and maintaining relationships with diverse sets of customers that use the platform will be critical to ensure the business units are successful.","- At Apple
- new ideas have a way of becoming extraordinary products very quickly. Bring passion and dedication to your job and there's no telling what we can accomplish together. Do you love crafting elegant solutions to highly complex challenges? Are you passionate about building distributed
- scalable solutions? Our team develops end to end cloud platforms and services with RESTful apis and services that are used by numerous customers. The individual needs to be adept in software development
- system architecture and cloud technologies. Understanding the security challenges of the platform will be important for being successful in this role.","- The ideal candidate is someone with a consistent track record, deep technical knowledge and skills in delivering large scale, distributed complex software solutions deployed on multiple cloud platforms
- This is a highly technical, hands-on role that requires a wide and deep experience in leading infrastructure and applications
- The successful candidate will design and implement complete products."
"Software Quality Engineer, Early Career",Singapore,"Apple is where individual imaginations gather together, committing to the values that lead to great work. Every new product we build, service we create, or Apple Store experience we deliver is the result of us making each other’s ideas stronger. That happens because every one of us shares a belief that we can make something wonderful and share it with the world, changing lives for the better. It’s the diversity of our people and their thinking that inspires the innovation that runs through everything we do. When we bring everybody in, we can do the best work of our lives. Here, you’ll do more than join something - you’ll add something. The Software Quality Assurance team provides quality engineering support to ensure high-quality release for our applications/systems across all platforms. The QE Engineer position will focused on a breadth of technologies and applications including very highly scalable distributed applications, No-Sql platforms, internal search platforms, end customer facing websites and services, critical security systems, machine learning and anomaly detection systems, software-load balancing, etc. As a member of our fast-paced group, you will have the unique and rewarding opportunity to shape and improve the software that allows our products to surprise and delight billions of Apple’s customers every day! If you’re excited by the idea of making a real impact, and joining a team where we pride ourselves in being one of the most diverse and inclusive companies in the world, a career with Apple will be your dream job!","Good foundation in at least one object oriented programming language (preferably Java) Understanding of databases (e.g., SQL) and Linux/Unix Knowledge of scripting language such as: Perl, Python or Bash Self-motivated, independent, with great organisational skills Excellent written and verbal communication skills.","You have the opportunity to make a significant impact on Apple Products and leave a footprint for years to come. You will help drive the quality via hands-on functional testing and automation of user-facing features and systems. You will be a part of the team that helps ship robust and amazing products to our customers. We are looking for a motivated and talented Quality Engineer to design and work on the implementation of quality assurance process, ensuring the delivery of high quality software products in the distributed environment. You will drive quality and quality-related development work in all team projects, work alongside the software development and SRE teams to acquire in-depth knowledge of how each application works in terms of business logic, security aspects, development environments, and production environments. You will design, implement and maintain automation roadmap for complex services, while also driving advancements in test strategies.","{""job_name"": ""Software Quality Engineer, Early Career"", ""job_location"": ""Singapore"", ""job_description"": ""Apple is where individual imaginations gather together, committing to the values that lead to great work. Every new product we build, service we create, or Apple Store experience we deliver is the result of us making each other\u2019s ideas stronger. That happens because every one of us shares a belief that we can make something wonderful and share it with the world, changing lives for the better. It\u2019s the diversity of our people and their thinking that inspires the innovation that runs through everything we do. When we bring everybody in, we can do the best work of our lives. Here, you\u2019ll do more than join something - you\u2019ll add something. The Software Quality Assurance team provides quality engineering support to ensure high-quality release for our applications/systems across all platforms. The QE Engineer position will focused on a breadth of technologies and applications including very highly scalable distributed applications, No-Sql platforms, internal search platforms, end customer facing websites and services, critical security systems, machine learning and anomaly detection systems, software-load balancing, etc. As a member of our fast-paced group, you will have the unique and rewarding opportunity to shape and improve the software that allows our products to surprise and delight billions of Apple\u2019s customers every day! If you\u2019re excited by the idea of making a real impact, and joining a team where we pride ourselves in being one of the most diverse and inclusive companies in the world, a career with Apple will be your dream job!"", ""qualifications"": ""Good foundation in at least one object oriented programming language (preferably Java) Understanding of databases (e.g., SQL) and Linux/Unix Knowledge of scripting language such as: Perl, Python or Bash Self-motivated, independent, with great organisational skills Excellent written and verbal communication skills."", ""job_responsibilities"": ""You have the opportunity to make a significant impact on Apple Products and leave a footprint for years to come. You will help drive the quality via hands-on functional testing and automation of user-facing features and systems. You will be a part of the team that helps ship robust and amazing products to our customers. We are looking for a motivated and talented Quality Engineer to design and work on the implementation of quality assurance process, ensuring the delivery of high quality software products in the distributed environment. You will drive quality and quality-related development work in all team projects, work alongside the software development and SRE teams to acquire in-depth knowledge of how each application works in terms of business logic, security aspects, development environments, and production environments. You will design, implement and maintain automation roadmap for complex services, while also driving advancements in test strategies.""}","The Software Quality Assurance team provides quality engineering support to ensure high-quality release for our applications/systems across all platforms. The QE Engineer position will focused on a breadth of technologies and applications including very highly scalable distributed applications, No-Sql platforms, internal search platforms, end customer facing websites and services.","You will help drive the quality via hands-on functional testing and automation of user-facing features and systems. You will design, implement and maintain automation roadmap for complex services. You have the opportunity to make a significant impact on Apple Products and leave a footprint for years to come.","- The Software Quality Assurance team provides quality engineering support to ensure high-quality release for our applications/systems across all platforms
- The QE Engineer position will focused on a breadth of technologies and applications including very highly scalable distributed applications, No-Sql platforms, internal search platforms, end customer facing websites and services.","- You have the opportunity to make a significant impact on Apple Products and leave a footprint for years to come. You will help drive the quality via hands-on functional testing and automation of user-facing features and systems. You will be a part of the team that helps ship robust and amazing products to our customers. We are looking for a motivated and talented Quality Engineer to design and work on the implementation of quality assurance process
- ensuring the delivery of high quality software products in the distributed environment. You will drive quality and quality-related development work in all team projects
- work alongside the software development and SRE teams to acquire in-depth knowledge of how each application works in terms of business logic
- security aspects
- development environments
- and production environments. You will design
- implement and maintain automation roadmap for complex services
- while also driving advancements in test strategies."
"Software Engineer, Launch Graduate Program 2025",Singapore,"Mastercard works to connect and power a sustainable and inclusive global economy. We are a vehicle for commerce, a connection to financial systems for the previously excluded, a technology innovation lab, and the home of Priceless®. We ensure every employee has an opportunity to be a part of something bigger and to change lives. We believe in connecting everyone to endless, priceless possibilities. As a Software Engineer I, you will have the opportunity to write high-quality code with a focus on security, design, and maintainability, contribute to all phases of software development from design through rollout, and find real-life solutions for our clients and the world.","- Currently enrolled in a bachelor’s or accelerated master’s program graduating between Dec 2024 – June 2025.
- Able to start work on 7 July 2025 (Start date is fixed).
- You possess relevant full working rights to work in Singapore and do not require visa sponsorship now or in the future.
- Project-based experience (personal, academic, internship) in one or more general-purpose programming languages such as: Java, JavaScript, C#, Python, etc.
- Familiarity using persistent data stores such as relational databases, NoSQL, etc. Uses defensive coding, logging, and alerts to help prevent issues.
- Experience writing automated tests to verify code correctness and expected behavior.
- Experience with source control management (e.g., git), deployment, and task management tools.
- Strong analytical and problem-solving skills and familiarity with common debugging tools and information to diagnose issues such as stack traces, memory profiling, code tracing, etc., using all debugging techniques/ tools and logs.","- Write high-quality code with a focus on security, design, and maintainability.
- Contribute to all phases of software development from design through rollout.
- Find real-life solutions for our clients and the world.","{""job_name"": ""Software Engineer, Launch Graduate Program 2025"", ""job_location"": ""Singapore"", ""job_description"": ""Mastercard works to connect and power a sustainable and inclusive global economy. We are a vehicle for commerce, a connection to financial systems for the previously excluded, a technology innovation lab, and the home of Priceless\u00ae. We ensure every employee has an opportunity to be a part of something bigger and to change lives. We believe in connecting everyone to endless, priceless possibilities. As a Software Engineer I, you will have the opportunity to write high-quality code with a focus on security, design, and maintainability, contribute to all phases of software development from design through rollout, and find real-life solutions for our clients and the world."", ""qualifications"": ""- Currently enrolled in a bachelor\u2019s or accelerated master\u2019s program graduating between Dec 2024 \u2013 June 2025.\n- Able to start work on 7 July 2025 (Start date is fixed).\n- You possess relevant full working rights to work in Singapore and do not require visa sponsorship now or in the future.\n- Project-based experience (personal, academic, internship) in one or more general-purpose programming languages such as: Java, JavaScript, C#, Python, etc.\n- Familiarity using persistent data stores such as relational databases, NoSQL, etc. Uses defensive coding, logging, and alerts to help prevent issues.\n- Experience writing automated tests to verify code correctness and expected behavior.\n- Experience with source control management (e.g., git), deployment, and task management tools.\n- Strong analytical and problem-solving skills and familiarity with common debugging tools and information to diagnose issues such as stack traces, memory profiling, code tracing, etc., using all debugging techniques/ tools and logs."", ""job_responsibilities"": ""- Write high-quality code with a focus on security, design, and maintainability.\n- Contribute to all phases of software development from design through rollout.\n- Find real-life solutions for our clients and the world.""}","Mastercard works to connect and power a sustainable and inclusive global economy. We are a vehicle for commerce, a connection to financial systems for the previously excluded, a technology innovation lab, and the home of Priceless®. As a Software Engineer I, you will have the opportunity to write high-quality code.","- Write high-quality code with a focus on security, design, and maintainability. - Contribute to all phases of software development from design through rollout.- Find real-life solutions for our clients and the world. - Help build the next generation of software products and services.","- Mastercard works to connect and power a sustainable and inclusive global economy
- We are a vehicle for commerce, a connection to financial systems for the previously excluded, a technology innovation lab, and the home of Priceless®
- As a Software Engineer I, you will have the opportunity to write high-quality code.","- - Write high-quality code with a focus on security
- design
- and maintainability.
- Contribute to all phases of software development from design through rollout.
- Find real-life solutions for our clients and the world."
"Software Engineer, Early Career",Singapore,"Apple is seeking a motivated and entry level Software Engineer to be part of our Information Systems & Technology organization. You will have the opportunity to work as part of our global strategic initiatives program, delivering real value to Apple and our partners. You will work closely with cross functional teams, understand business requirements, build high performing, scalable and robust platforms from the ground up in close collaboration with various teams around you.","Proficient in object-oriented design and programming using Java and J2EE. Understanding of Spring, Microservices architecture, and React.js. Skilled in scripting languages such as Python, Perl, and Bash. Foundational knowledge in developing and integrating machine learning and generative AI models. Ability to work independently and effectively collaborate within a distributed team. Excellent verbal and written communication skills. Preferred Qualifications: Knowledgeable in cryptographic techniques, including symmetric and asymmetric encryption, hashing, digital signatures, and key management. Familiar with contemporary cryptographic standards and practices. Good understanding in relational and NoSQL databases, including database design. Knowledge in Kafka or Rabbit is a plus.","As a member of our fast-paced group, you will have the unique and rewarding opportunity to shape and improve platforms and services that allows our products to surprise and delight billions of Apple’s customers every day. You will have a curious mind, possess keen judgement in selecting appropriate solutions, build right solutions needed for Apple and stay updated with new technologies and best practices in software development.","{""job_name"": ""Software Engineer, Early Career"", ""job_location"": ""Singapore"", ""job_description"": ""Apple is seeking a motivated and entry level Software Engineer to be part of our Information Systems & Technology organization. You will have the opportunity to work as part of our global strategic initiatives program, delivering real value to Apple and our partners. You will work closely with cross functional teams, understand business requirements, build high performing, scalable and robust platforms from the ground up in close collaboration with various teams around you."", ""qualifications"": ""Proficient in object-oriented design and programming using Java and J2EE. Understanding of Spring, Microservices architecture, and React.js. Skilled in scripting languages such as Python, Perl, and Bash. Foundational knowledge in developing and integrating machine learning and generative AI models. Ability to work independently and effectively collaborate within a distributed team. Excellent verbal and written communication skills. Preferred Qualifications: Knowledgeable in cryptographic techniques, including symmetric and asymmetric encryption, hashing, digital signatures, and key management. Familiar with contemporary cryptographic standards and practices. Good understanding in relational and NoSQL databases, including database design. Knowledge in Kafka or Rabbit is a plus."", ""job_responsibilities"": ""As a member of our fast-paced group, you will have the unique and rewarding opportunity to shape and improve platforms and services that allows our products to surprise and delight billions of Apple\u2019s customers every day. You will have a curious mind, possess keen judgement in selecting appropriate solutions, build right solutions needed for Apple and stay updated with new technologies and best practices in software development.""}","Apple is seeking a motivated and entry level Software Engineer to be part of our Information Systems & Technology organization. You will work closely with cross functional teams, understand business requirements, build high performing, scalable and robust platforms from the ground up in close collaboration with various teams around you.","As a member of our fast-paced group, you will have the unique and rewarding opportunity to shape and improve platforms and services. You will have a curious mind, possess keen judgement in selecting appropriate solutions, build right solutions needed for Apple and stay updated with new technologies and best practices in software development.","- Apple is seeking a motivated and entry level Software Engineer to be part of our Information Systems & Technology organization. You will have the opportunity to work as part of our global strategic initiatives program
- delivering real value to Apple and our partners. You will work closely with cross functional teams
- understand business requirements
- build high performing
- scalable and robust platforms from the ground up in close collaboration with various teams around you.","- As a member of our fast-paced group
- you will have the unique and rewarding opportunity to shape and improve platforms and services that allows our products to surprise and delight billions of Apple’s customers every day. You will have a curious mind
- possess keen judgement in selecting appropriate solutions
- build right solutions needed for Apple and stay updated with new technologies and best practices in software development."
Staff Software Engineer,"Park Road, Bangalore-Manyata Tech Park","At CommBank, we never lose sight of the role we play in other people’s financial wellbeing. Our focus is to help people and businesses move forward to progress. To make the right financial decisions and achieve their dreams, targets, and aspirations. Regardless of where you work within our organization, your initiative, talent, ideas, and energy all contribute to the impact that we can make with our work. Together we can achieve great things. As a .Net Engineer, you will be part of Cloud migration & Application modernizing team that enables Cloud adoption for the rest of the Bank. We put customers at the center of everything we do. Together we use technology to drive efficient and timely processing, an essential component of great customer service.",Bachelor’s degree or Master’s degree in Engineering in Computer Science/Information Technology. 10-13 years of relevant hands-on work experience in software development. Demonstrate experience developing applications using MS technologies - C# and .NET / .NetCore. Knowledge on cloud especially AWS is an added advantage.,"Excellent debugging and troubleshooting skills on .Net. Have experience in leading the team. Excellent understanding of the infrastructure that runs .NET applications – IIS, Web Servers, Kestrel & Containers. Have experience in CI/CD pipelines with integrated automated testing and governance. Are passionate about DevOps/Automation and have a powerful desire to solve complex problems in a systematic approach - e.g using PowerShell. Constantly think creatively and breaking boundaries to solve complex technical problems. Work with various application teams to ensure the stability and security of the cloud platform. Should be well-versed in deploying, maintaining and troubleshooting .Net applications on IIS. Good understanding on Software Development Kit (SDK) and runtime environments. Driving automation through understanding processes and implementing improvements. Strong presentation, verbal communication, and written communications skills. Experience with the full software development lifecycle and delivery using Agile practices with specific focus on the following concepts: source control, CI/CD, automated testing, logging and monitoring.","{""job_name"": ""Staff Software Engineer"", ""job_location"": ""Park Road, Bangalore-Manyata Tech Park"", ""job_description"": ""At CommBank, we never lose sight of the role we play in other people\u2019s financial wellbeing. Our focus is to help people and businesses move forward to progress. To make the right financial decisions and achieve their dreams, targets, and aspirations. Regardless of where you work within our organization, your initiative, talent, ideas, and energy all contribute to the impact that we can make with our work. Together we can achieve great things. As a .Net Engineer, you will be part of Cloud migration & Application modernizing team that enables Cloud adoption for the rest of the Bank. We put customers at the center of everything we do. Together we use technology to drive efficient and timely processing, an essential component of great customer service."", ""qualifications"": ""Bachelor\u2019s degree or Master\u2019s degree in Engineering in Computer Science/Information Technology. 10-13 years of relevant hands-on work experience in software development. Demonstrate experience developing applications using MS technologies - C# and .NET / .NetCore. Knowledge on cloud especially AWS is an added advantage."", ""job_responsibilities"": ""Excellent debugging and troubleshooting skills on .Net. Have experience in leading the team. Excellent understanding of the infrastructure that runs .NET applications \u2013 IIS, Web Servers, Kestrel & Containers. Have experience in CI/CD pipelines with integrated automated testing and governance. Are passionate about DevOps/Automation and have a powerful desire to solve complex problems in a systematic approach - e.g using PowerShell. Constantly think creatively and breaking boundaries to solve complex technical problems. Work with various application teams to ensure the stability and security of the cloud platform. Should be well-versed in deploying, maintaining and troubleshooting .Net applications on IIS. Good understanding on Software Development Kit (SDK) and runtime environments. Driving automation through understanding processes and implementing improvements. Strong presentation, verbal communication, and written communications skills. Experience with the full software development lifecycle and delivery using Agile practices with specific focus on the following concepts: source control, CI/CD, automated testing, logging and monitoring.""}","At CommBank, we never lose sight of the role we play in other people’s financial wellbeing. As a .Net Engineer, you will be part of Cloud migration & Application modernizing team that enables Cloud adoption for the rest of the Bank.","Are passionate about DevOps/Automation and have a powerful desire to solve complex problems in a systematic approach. Excellent understanding of the infrastructure that runs .NET applications – IIS, Web Servers, Kestrel & Containers. Have experience in leading the team.","- At CommBank, we never lose sight of the role we play in other people’s financial wellbeing
- We put customers at the center of everything we do
- As a.Net Engineer, you will be part of Cloud migration & Application modernizing team that enables Cloud adoption for the rest of the Bank.","- Excellent understanding of the infrastructure that runs.NET applications – IIS, Web Servers, Kestrel & Containers
- Have experience in CI/CD pipelines with integrated automated testing and governance
- Are passionate about DevOps/Automation and have a powerful desire to solve complex problems in a systematic approach."
Software Developer,Remote,"Tech Vaseegrah is excited to launch a student innovation program designed to nurture young software development talent and guide them to become product developers. Interns will receive thorough coaching and training, providing them with the skills needed to develop their own software products with a unique profit-sharing model.",College and polytechnic students pursuing computer science or other engineering disciplines. Proficiency in JavaScript is highly preferred. Applicants with any technical and technological skills are welcome. MERN stack knowledge is a plus. Candidates should be focused and eager to learn new skills.,"Interns will receive thorough coaching and training, develop their own software products, and participate in a profit-sharing model based on their work.","{""job_name"": ""Software Developer"", ""job_location"": ""Remote"", ""job_description"": ""Tech Vaseegrah is excited to launch a student innovation program designed to nurture young software development talent and guide them to become product developers. Interns will receive thorough coaching and training, providing them with the skills needed to develop their own software products with a unique profit-sharing model."", ""qualifications"": ""College and polytechnic students pursuing computer science or other engineering disciplines. Proficiency in JavaScript is highly preferred. Applicants with any technical and technological skills are welcome. MERN stack knowledge is a plus. Candidates should be focused and eager to learn new skills."", ""job_responsibilities"": ""Interns will receive thorough coaching and training, develop their own software products, and participate in a profit-sharing model based on their work.""}","Tech Vaseegrah is excited to launch a student innovation program designed to nurture young software development talent and guide them to become product developers. Interns will receive thorough coaching and training, providing them with the skills needed to develop their own software products with a unique profit-sharing model.","Interns will develop their own software products, and participate in a profit-sharing model based on their work. Interns will receive thorough coaching and training, and will be able to work on a variety of projects. They will also have the opportunity to work with other interns.","- Tech Vaseegrah is excited to launch a student innovation program designed to nurture young software development talent and guide them to become product developers. Interns will receive thorough coaching and training
- providing them with the skills needed to develop their own software products with a unique profit-sharing model.","- Interns will receive thorough coaching and training
- develop their own software products
- and participate in a profit-sharing model based on their work."
